Timestamp,Date,Title,Description,Acceptance Criteria,Success Notes,Impact
3/11/2025 12:44:38,3/10/2025,Python 2.7 to 3.6 Conversion,"As a senior developer at a financial services company, I need to update our legacy data processing pipeline from Python 2.7 to 3.6 so that we can leverage modern libraries, improve security, and ensure continued maintenance support.

Background
Our risk analysis platform contains over 50,000 lines of Python 2.7 code developed over the last decade. The platform processes millions of transactions daily and is critical to our compliance requirements.","Convert all code to be compatible with Python 3.6
Maintain exact functionality and output integrity
Minimize downtime during transition
Create comprehensive test cases to verify successful conversion","The most successful changes were:

Converting print statements to print() functions
Updating exception handling syntax
Modifying integer division operations
Replacing deprecated libraries
Addressing changes in dictionary implementation",High
3/11/2025 11:30:22,3/9/2025,API Performance Optimization,"Improved response times for our customer-facing REST API endpoints by implementing caching and query optimization strategies.

Background
API endpoints were experiencing high latency during peak hours, affecting user experience and causing timeout issues.","Reduce average response time by 50%
Implement Redis caching for frequently accessed data
Optimize database queries
Maintain data consistency
Add performance monitoring","Successfully implemented:

Redis caching layer reducing load times by 65%
Query optimization reducing DB load by 40%
Added New Relic monitoring
Implemented connection pooling
Documentation for future maintenance",High
3/10/2025 15:22:45,3/8/2025,Automated Testing Framework,"Developed and implemented an automated testing framework for our microservices architecture to improve code quality and reduce regression issues.

Background
Manual testing was time-consuming and prone to human error, leading to bugs in production.","Set up Jest test framework
Achieve 80% code coverage
Implement CI/CD pipeline integration
Create documentation for writing tests","Key achievements:

Implemented Jest with custom matchers
Achieved 85% code coverage
Added GitHub Actions integration
Created comprehensive testing guide
Reduced regression issues by 60%",Medium
3/9/2025 09:15:33,3/7/2025,Security Vulnerability Remediation,"Led the effort to address critical security vulnerabilities identified in our authentication system during a third-party security audit.

Background
Security audit revealed potential XSS and CSRF vulnerabilities in our user authentication flow.","Fix all high-priority security issues
Implement CSRF tokens
Update input sanitization
Add security headers
Document security best practices","Successfully implemented:

Added CSRF protection
Updated input validation
Implemented Content Security Policy
Added rate limiting
Created security guidelines",High
3/8/2025 14:40:12,3/6/2025,Mobile App Performance Enhancement,"Optimized our React Native mobile app to improve startup time and reduce memory usage.

Background
Users reported slow app launch times and frequent crashes on older devices.","Reduce app startup time by 30%
Minimize memory usage
Implement lazy loading
Add crash reporting","Achievements:

Reduced startup time by 45%
Implemented code splitting
Added performance monitoring
Reduced bundle size by 35%
Added crash analytics",Medium
3/7/2025 10:55:28,3/5/2025,Database Migration Project,"Successfully migrated our production database from MySQL to PostgreSQL to improve scalability and feature support.

Background
Growing data needs required more advanced database features and better scaling capabilities.","Zero data loss during migration
Minimal downtime
Update all database queries
Maintain application functionality","Completed successfully:

Zero data loss achieved
Only 2 hours of downtime
Updated all SQL queries
Added database monitoring
Created rollback plan",High
3/6/2025 16:33:59,3/4/2025,CI/CD Pipeline Optimization,"Redesigned our CI/CD pipeline to reduce build times and improve deployment reliability.

Background
Build times were exceeding 30 minutes and deployments were failing frequently.","Reduce build time by 50%
Implement parallel testing
Add deployment validation
Create monitoring dashboard","Achievements:

Reduced build time to 12 minutes
Implemented test parallelization
Added deployment checks
Created monitoring dashboard
Improved error reporting",Medium
3/5/2025 13:20:47,3/3/2025,Microservice Architecture Implementation,"Led the design and implementation of breaking down a monolithic application into microservices.

Background
Monolithic architecture was causing scaling and maintenance issues.","Design service boundaries
Implement service communication
Set up monitoring
Create deployment pipeline","Key accomplishments:

Identified 6 core services
Implemented event-driven architecture
Added distributed tracing
Created service templates
Documented best practices",High
3/4/2025 08:45:15,3/2/2025,Documentation Overhaul,"Comprehensive update of technical documentation to improve onboarding and maintenance processes.

Background
Outdated and incomplete documentation was slowing down developer onboarding and maintenance.","Update API documentation
Create architecture diagrams
Document deployment processes
Add troubleshooting guides","Completed items:

Updated all API endpoints
Created system diagrams
Added deployment guides
Created FAQ section
Implemented doc testing",Medium
3/3/2025 11:50:33,3/1/2025,Accessibility Compliance Implementation,"Enhanced web application to meet WCAG 2.1 accessibility standards.

Background
Application needed to comply with accessibility requirements for government contracts.","Implement ARIA labels
Add keyboard navigation
Improve color contrast
Test with screen readers","Achievements:

Added ARIA support
Implemented keyboard controls
Fixed color contrast issues
Added alt text
Passed accessibility audit",High
3/2/2025 14:25:18,2/28/2025,Cloud Migration Project,"Successfully migrated on-premise infrastructure to AWS cloud services.

Background
On-premise infrastructure was becoming costly and difficult to maintain.","Zero downtime migration
Implement auto-scaling
Set up monitoring
Create disaster recovery","Completed tasks:

Achieved zero downtime
Implemented auto-scaling
Added CloudWatch monitoring
Created backup strategy
Reduced costs by 40%",High
3/1/2025 09:30:42,2/27/2025,Code Review Process Implementation,"Established and documented code review processes to improve code quality.

Background
Lack of consistent code review was leading to quality issues.","Create review guidelines
Implement automated checks
Set up PR templates
Train team members","Successfully implemented:

Created review checklist
Added automated linting
Created PR templates
Conducted team training
Reduced defects by 30%",Medium
2/28/2025 15:15:27,2/26/2025,Performance Monitoring System,"Implemented comprehensive performance monitoring across our application stack.

Background
Lack of monitoring made it difficult to identify and resolve performance issues.","Set up application monitoring
Implement log aggregation
Create dashboards
Configure alerts","Key achievements:

Implemented New Relic
Added ELK stack
Created custom dashboards
Set up PagerDuty
Reduced MTTR by 50%",High
2/27/2025 10:40:55,2/25/2025,API Gateway Implementation,"Designed and implemented an API gateway to improve security and maintainability.

Background
Multiple microservices needed a unified entry point with consistent security.","Implement authentication
Add rate limiting
Set up routing
Create documentation","Completed features:

Added JWT authentication
Implemented rate limiting
Set up service discovery
Added request logging
Created API documentation",Medium
2/26/2025 13:55:18,2/24/2025,Test Automation Framework,"Created an end-to-end test automation framework using Cypress.

Background
Manual testing was time-consuming and inconsistent.","Set up Cypress framework
Create test scenarios
Implement CI integration
Write documentation","Achievements:

Implemented Cypress tests
Added visual regression
Created test utilities
Added CI integration
Reduced test time by 70%",Medium
2/25/2025 16:20:33,2/23/2025,GraphQL API Implementation,"Converted REST endpoints to GraphQL to improve data fetching efficiency.

Background
Multiple API calls were causing performance issues in the frontend.","Implement GraphQL schema
Add resolvers
Create documentation
Maintain backwards compatibility","Successfully completed:

Created GraphQL schema
Implemented resolvers
Added type checking
Created documentation
Reduced API calls by 60%",High
2/24/2025 11:45:59,2/22/2025,Docker Container Migration,"Containerized legacy applications using Docker for improved deployment consistency.

Background
Different environment configurations were causing deployment issues.","Create Docker images
Update deployment process
Implement orchestration
Document process","Key accomplishments:

Created Docker images
Implemented Docker Compose
Added health checks
Updated CI/CD pipeline
Reduced deploy time by 50%",Medium
2/23/2025 14:10:27,2/21/2025,Code Refactoring Project,"Led a major code refactoring initiative to improve maintainability.

Background
Technical debt was slowing down new feature development.","Identify critical areas
Implement design patterns
Maintain functionality
Add unit tests","Completed tasks:

Reduced complexity by 40%
Increased test coverage
Implemented DRY principles
Updated documentation
Improved code readability",High
2/22/2025 09:35:45,2/20/2025,Mobile App Offline Support,"Implemented offline functionality for mobile application.

Background
Users needed access to core features without internet connection.","Implement data sync
Add offline storage
Handle conflicts
Create user feedback","Achievements:

Added offline storage
Implemented sync logic
Added conflict resolution
Created user notifications
Improved user satisfaction",Medium
2/21/2025 12:50:12,2/19/2025,Authentication System Upgrade,"Modernized authentication system with OAuth 2.0 and MFA support.

Background
Legacy authentication system needed security improvements.","Implement OAuth 2.0
Add MFA support
Update user flow
Maintain compatibility","Successfully implemented:

Added OAuth support
Implemented MFA
Updated user interface
Added audit logging
Improved security score",High
2/20/2025 15:15:33,2/18/2025,Frontend Performance Optimization,"Optimized frontend performance for improved user experience.

Background
Web application was experiencing slow load times and poor performance.","Reduce bundle size
Implement lazy loading
Optimize images
Improve caching","Key achievements:

Reduced bundle by 60%
Added code splitting
Optimized assets
Implemented PWA
Improved Lighthouse score",Medium
2/19/2025 10:40:58,2/17/2025,Database Index Optimization,"Optimized database performance through index improvements.

Background
Slow query performance was affecting application response times.","Analyze query patterns
Create optimal indexes
Remove unused indexes
Document changes","Completed tasks:

Added composite indexes
Removed duplicate indexes
Updated query patterns
Improved query speed
Reduced DB load",High
2/18/2025 13:25:15,2/16/2025,Error Handling Framework,"Implemented comprehensive error handling and monitoring system.

Background
Inconsistent error handling made debugging difficult.","Create error framework
Implement logging
Add monitoring
Create documentation","Successfully implemented:

Created error classes
Added structured logging
Implemented monitoring
Created error docs
Reduced debug time",Medium
2/17/2025 16:50:42,2/15/2025,Cache Implementation,"Implemented distributed caching system to improve performance.

Background
High database load was causing performance issues.","Implement Redis cache
Add cache invalidation
Monitor performance
Document system","Key achievements:

Added Redis caching
Implemented invalidation
Added monitoring
Created documentation
Reduced load by 70%",High
2/16/2025 11:15:27,2/14/2025,Code Style Standardization,"Implemented and enforced consistent code style across the codebase.

Background
Inconsistent code style was affecting maintainability.","Create style guide
Implement linting
Add automated checks
Train team","Completed tasks:

Created style guide
Added ESLint/Prettier
Implemented pre-commit hooks
Conducted training
Improved consistency",Medium
